label,text
ham,"Hi, how are you?"
spam,"Congratulations you won a free prize"
ham,"Please send me the assignment"
spam,"You have won a cash reward claim now"
ham,"Your meeting is scheduled for tomorrow"
spam,"Click here to claim your free money"
ham,"Can you call me when you are free"
spam,"URGENT you have won a lottery prize"
ham,"Please bring your notebook tomorrow"
spam,"Get a free gift by clicking this link"
ham,"I will send you the notes today"
spam,"Congratulations you are selected for a cash reward"
ham,"What time is our class today"
spam,"Win a brand new phone for free"
ham,"Please submit your project tomorrow"
spam,"Claim your exclusive reward now"
ham,"Thanks for helping me with my work"
spam,"You are a lucky winner claim your prize"
ham,"Let's meet after college"
spam,"Free offer available click now"